﻿Designator,Footprint,Quantity,Value,LCSC Part #
"C1, C2, C3, C4, C6",1206,5,CL31A106KBHNNNE,
C10,0402,1,75pF/50V,
C11,0603,1,4.7uF/10V,
"C12, C13, C14, C17, C19, C20, C21, C22, C23, C24, C25, C26, C28, C29, C31, C5, C7",0402,17,0.1uF/50V,
"C15, C16",0402,2,12pF/50V,
C18,0402,1,1uF/25V,
C27,0603,1,10uF/10V,
C30,0603,1,2.2uF/16V,
"C8, C9",1206,2,22uF/10V,
D1,DIOM5126X245N,1,SS54,
D2,DIONM5336X250N,1,SMBJ28CAQ-13-F,
D3,D_SOD-323,1,B5819WS,
"D4, D5",0603,2,Green_Led_0603,
"IC1, IC2",SOIC127P600X175-9N,2,"TB67H450FNG,EL",
J1,JST_SH_SM05B-SRSS-TB_1x05-1MP_P1.00mm_Horizontal,1,PC_CONN,
J2,JST_SH_SM03B-SRSS-TB_1x03-1MP_P1.00mm_Horizontal,1,DEBUG,
J3,JST_SH_SM06B-SRSS-TB_1x06-1MP_P1.00mm_Horizontal,1,CAN_IN,
J4,JST_SH_SM06B-SRSS-TB_1x06-1MP_P1.00mm_Horizontal,1,CAN_OUT,
J5,JST_SH_SM03B-SRSS-TB_1x03-1MP_P1.00mm_Horizontal,1,ESP_DOWNLOAD,
J6,JST_SH_SM05B-SRSS-TB_1x05-1MP_P1.00mm_Horizontal,1,MT6816_CONN,
J9,PinHeader_1x02_P2.54mm_Vertical,1,BOOT_EN,
L1,L_Sunlord_SWPA4020S,1,10uH,
LED1,0603,1,LED_0603_Red_WIFI,
LED2,0603,1,LED_0603_Blue_BLE,
R1,0402,1,511k/0.063w,
"R10, R21, R22, R23, R24, R9",0402,6,4.7K/0.063w,
"R11, R12, R25, R6, R7, R8",0402,6,10K/0.063w,
"R13, R14, R15, R16",0402,4,1k/0.063w,
"R17, R18",1206,2,0.1/0.25w,
"R19, R20",0603,2,120/0.1w,
R2,0402,1,49.9R/0.063w,
R3,0402,1,100k/0.063w,
R4,0402,1,105k/0.063w,
R5,0402,1,13.3k/0.063w,
RT1,THRMC1608X95N,1,NCP18XH103F03RB,
"S1, S2, S3",TSB008A2518A,3,TSB008A2518A,
"TP1, TP2, TP3, TP4",custom_pad_2_5,4,PAD_4_12,
U1,SOT-23-6,1,TPS54202DDC,
U2,LQFP-48_7x7mm_P0.5mm,1,STM32F103CBTx,
U3,SOIC-8_3.9x4.9mm_P1.27mm,1,SN65HVD232,
U4,SO-8_3.9x4.9mm_P1.27mm,1,MT6816CT,
U5,SOT95P237X112-3N,1,TL431AIDBZR,
U6,ESP32-C3-WROOM-02,1,ESP32-C3-WROOM-02,
Y1,Crystal_SMD_3225-4Pin_3.2x2.5mm,1,X322512MSB4SI_12mHz,
